s3://human-pangenomics/submissions/c0de0f97-f422-4057-90bd-12b40869d30a--WUSTL_HPRC_HiFi_Year3/HG00140/PacBio_HiFi/m64043_220728_173215-bc1018.5mc.hifi_reads.bam,s3://human-pangenomics/working/HPRC/HG00140/raw_data/PacBio_HiFi/m64043_220728_173215-bc1018.5mc.hifi_reads.bam
s3://human-pangenomics/submissions/c0de0f97-f422-4057-90bd-12b40869d30a--WUSTL_HPRC_HiFi_Year3/HG00140/PacBio_HiFi/m64043_220728_173215-bc1018.5mc.hifi_reads.bam.md5,s3://human-pangenomics/working/HPRC/HG00140/raw_data/PacBio_HiFi/m64043_220728_173215-bc1018.5mc.hifi_reads.bam.md5
s3://human-pangenomics/submissions/c0de0f97-f422-4057-90bd-12b40869d30a--WUSTL_HPRC_HiFi_Year3/HG00140/PacBio_HiFi/m64136_220715_182717-bc1018.5mc.hifi_reads.bam,s3://human-pangenomics/working/HPRC/HG00140/raw_data/PacBio_HiFi/m64136_220715_182717-bc1018.5mc.hifi_reads.bam
s3://human-pangenomics/submissions/c0de0f97-f422-4057-90bd-12b40869d30a--WUSTL_HPRC_HiFi_Year3/HG00140/PacBio_HiFi/m64136_220715_182717-bc1018.5mc.hifi_reads.bam.md5,s3://human-pangenomics/working/HPRC/HG00140/raw_data/PacBio_HiFi/m64136_220715_182717-bc1018.5mc.hifi_reads.bam.md5
s3://human-pangenomics/submissions/c0de0f97-f422-4057-90bd-12b40869d30a--WUSTL_HPRC_HiFi_Year3/HG00140/PacBio_HiFi/m64136_220717_152248-bc1018.5mc.hifi_reads.bam,s3://human-pangenomics/working/HPRC/HG00140/raw_data/PacBio_HiFi/m64136_220717_152248-bc1018.5mc.hifi_reads.bam
s3://human-pangenomics/submissions/c0de0f97-f422-4057-90bd-12b40869d30a--WUSTL_HPRC_HiFi_Year3/HG00140/PacBio_HiFi/m64136_220717_152248-bc1018.5mc.hifi_reads.bam.md5,s3://human-pangenomics/working/HPRC/HG00140/raw_data/PacBio_HiFi/m64136_220717_152248-bc1018.5mc.hifi_reads.bam.md5
s3://human-pangenomics/submissions/c0de0f97-f422-4057-90bd-12b40869d30a--WUSTL_HPRC_HiFi_Year3/HG00140/PacBio_HiFi/m64136_220719_122056-bc1018.5mc.hifi_reads.bam,s3://human-pangenomics/working/HPRC/HG00140/raw_data/PacBio_HiFi/m64136_220719_122056-bc1018.5mc.hifi_reads.bam
s3://human-pangenomics/submissions/c0de0f97-f422-4057-90bd-12b40869d30a--WUSTL_HPRC_HiFi_Year3/HG00140/PacBio_HiFi/m64136_220719_122056-bc1018.5mc.hifi_reads.bam.md5,s3://human-pangenomics/working/HPRC/HG00140/raw_data/PacBio_HiFi/m64136_220719_122056-bc1018.5mc.hifi_reads.bam.md5
s3://human-pangenomics/submissions/c0de0f97-f422-4057-90bd-12b40869d30a--WUSTL_HPRC_HiFi_Year3/HG00323/PacBio_HiFi/m64043_220728_173215-bc1016.5mc.hifi_reads.bam,s3://human-pangenomics/working/HPRC/HG00323/raw_data/PacBio_HiFi/m64043_220728_173215-bc1016.5mc.hifi_reads.bam
s3://human-pangenomics/submissions/c0de0f97-f422-4057-90bd-12b40869d30a--WUSTL_HPRC_HiFi_Year3/HG00323/PacBio_HiFi/m64043_220728_173215-bc1016.5mc.hifi_reads.bam.md5,s3://human-pangenomics/working/HPRC/HG00323/raw_data/PacBio_HiFi/m64043_220728_173215-bc1016.5mc.hifi_reads.bam.md5
s3://human-pangenomics/submissions/c0de0f97-f422-4057-90bd-12b40869d30a--WUSTL_HPRC_HiFi_Year3/HG00323/PacBio_HiFi/m64136_220708_205611-bc1016.5mc.hifi_reads.bam,s3://human-pangenomics/working/HPRC/HG00323/raw_data/PacBio_HiFi/m64136_220708_205611-bc1016.5mc.hifi_reads.bam
s3://human-pangenomics/submissions/c0de0f97-f422-4057-90bd-12b40869d30a--WUSTL_HPRC_HiFi_Year3/HG00323/PacBio_HiFi/m64136_220708_205611-bc1016.5mc.hifi_reads.bam.md5,s3://human-pangenomics/working/HPRC/HG00323/raw_data/PacBio_HiFi/m64136_220708_205611-bc1016.5mc.hifi_reads.bam.md5
s3://human-pangenomics/submissions/c0de0f97-f422-4057-90bd-12b40869d30a--WUSTL_HPRC_HiFi_Year3/HG00323/PacBio_HiFi/m64136_220710_175208-bc1016.5mc.hifi_reads.bam,s3://human-pangenomics/working/HPRC/HG00323/raw_data/PacBio_HiFi/m64136_220710_175208-bc1016.5mc.hifi_reads.bam
s3://human-pangenomics/submissions/c0de0f97-f422-4057-90bd-12b40869d30a--WUSTL_HPRC_HiFi_Year3/HG00323/PacBio_HiFi/m64136_220710_175208-bc1016.5mc.hifi_reads.bam.md5,s3://human-pangenomics/working/HPRC/HG00323/raw_data/PacBio_HiFi/m64136_220710_175208-bc1016.5mc.hifi_reads.bam.md5
s3://human-pangenomics/submissions/c0de0f97-f422-4057-90bd-12b40869d30a--WUSTL_HPRC_HiFi_Year3/HG00323/PacBio_HiFi/m64136_220712_144943-bc1016.5mc.hifi_reads.bam,s3://human-pangenomics/working/HPRC/HG00323/raw_data/PacBio_HiFi/m64136_220712_144943-bc1016.5mc.hifi_reads.bam
s3://human-pangenomics/submissions/c0de0f97-f422-4057-90bd-12b40869d30a--WUSTL_HPRC_HiFi_Year3/HG00323/PacBio_HiFi/m64136_220712_144943-bc1016.5mc.hifi_reads.bam.md5,s3://human-pangenomics/working/HPRC/HG00323/raw_data/PacBio_HiFi/m64136_220712_144943-bc1016.5mc.hifi_reads.bam.md5
s3://human-pangenomics/submissions/c0de0f97-f422-4057-90bd-12b40869d30a--WUSTL_HPRC_HiFi_Year3/HG00408/PacBio_HiFi/m64136_211111_194404-bc1002.5mc.hifi_reads.bam,s3://human-pangenomics/working/HPRC/HG00408/raw_data/PacBio_HiFi/m64136_211111_194404-bc1002.5mc.hifi_reads.bam
s3://human-pangenomics/submissions/c0de0f97-f422-4057-90bd-12b40869d30a--WUSTL_HPRC_HiFi_Year3/HG00408/PacBio_HiFi/m64136_211111_194404-bc1002.5mc.hifi_reads.bam.md5,s3://human-pangenomics/working/HPRC/HG00408/raw_data/PacBio_HiFi/m64136_211111_194404-bc1002.5mc.hifi_reads.bam.md5
s3://human-pangenomics/submissions/c0de0f97-f422-4057-90bd-12b40869d30a--WUSTL_HPRC_HiFi_Year3/HG00408/PacBio_HiFi/m64136_211113_063830-bc1002.5mc.hifi_reads.bam,s3://human-pangenomics/working/HPRC/HG00408/raw_data/PacBio_HiFi/m64136_211113_063830-bc1002.5mc.hifi_reads.bam
s3://human-pangenomics/submissions/c0de0f97-f422-4057-90bd-12b40869d30a--WUSTL_HPRC_HiFi_Year3/HG00408/PacBio_HiFi/m64136_211113_063830-bc1002.5mc.hifi_reads.bam.md5,s3://human-pangenomics/working/HPRC/HG00408/raw_data/PacBio_HiFi/m64136_211113_063830-bc1002.5mc.hifi_reads.bam.md5
s3://human-pangenomics/submissions/c0de0f97-f422-4057-90bd-12b40869d30a--WUSTL_HPRC_HiFi_Year3/HG00408/PacBio_HiFi/m64136_211114_164241-bc1002.5mc.hifi_reads.bam,s3://human-pangenomics/working/HPRC/HG00408/raw_data/PacBio_HiFi/m64136_211114_164241-bc1002.5mc.hifi_reads.bam
s3://human-pangenomics/submissions/c0de0f97-f422-4057-90bd-12b40869d30a--WUSTL_HPRC_HiFi_Year3/HG00408/PacBio_HiFi/m64136_211114_164241-bc1002.5mc.hifi_reads.bam.md5,s3://human-pangenomics/working/HPRC/HG00408/raw_data/PacBio_HiFi/m64136_211114_164241-bc1002.5mc.hifi_reads.bam.md5
s3://human-pangenomics/submissions/c0de0f97-f422-4057-90bd-12b40869d30a--WUSTL_HPRC_HiFi_Year3/HG00597/PacBio_HiFi/m64043_211210_180342-bc1021.5mc.hifi_reads.bam,s3://human-pangenomics/working/HPRC/HG00597/raw_data/PacBio_HiFi/m64043_211210_180342-bc1021.5mc.hifi_reads.bam
s3://human-pangenomics/submissions/c0de0f97-f422-4057-90bd-12b40869d30a--WUSTL_HPRC_HiFi_Year3/HG00597/PacBio_HiFi/m64043_211210_180342-bc1021.5mc.hifi_reads.bam.md5,s3://human-pangenomics/working/HPRC/HG00597/raw_data/PacBio_HiFi/m64043_211210_180342-bc1021.5mc.hifi_reads.bam.md5
s3://human-pangenomics/submissions/c0de0f97-f422-4057-90bd-12b40869d30a--WUSTL_HPRC_HiFi_Year3/HG00597/PacBio_HiFi/m64043_211212_045901-bc1021.5mc.hifi_reads.bam,s3://human-pangenomics/working/HPRC/HG00597/raw_data/PacBio_HiFi/m64043_211212_045901-bc1021.5mc.hifi_reads.bam
s3://human-pangenomics/submissions/c0de0f97-f422-4057-90bd-12b40869d30a--WUSTL_HPRC_HiFi_Year3/HG00597/PacBio_HiFi/m64043_211212_045901-bc1021.5mc.hifi_reads.bam.md5,s3://human-pangenomics/working/HPRC/HG00597/raw_data/PacBio_HiFi/m64043_211212_045901-bc1021.5mc.hifi_reads.bam.md5
s3://human-pangenomics/submissions/c0de0f97-f422-4057-90bd-12b40869d30a--WUSTL_HPRC_HiFi_Year3/HG00597/PacBio_HiFi/m64043_211213_155654-bc1021.5mc.hifi_reads.bam,s3://human-pangenomics/working/HPRC/HG00597/raw_data/PacBio_HiFi/m64043_211213_155654-bc1021.5mc.hifi_reads.bam
s3://human-pangenomics/submissions/c0de0f97-f422-4057-90bd-12b40869d30a--WUSTL_HPRC_HiFi_Year3/HG00597/PacBio_HiFi/m64043_211213_155654-bc1021.5mc.hifi_reads.bam.md5,s3://human-pangenomics/working/HPRC/HG00597/raw_data/PacBio_HiFi/m64043_211213_155654-bc1021.5mc.hifi_reads.bam.md5
s3://human-pangenomics/submissions/c0de0f97-f422-4057-90bd-12b40869d30a--WUSTL_HPRC_HiFi_Year3/HG00597/PacBio_HiFi/m64043_211222_184851-bc1021.5mc.hifi_reads.bam,s3://human-pangenomics/working/HPRC/HG00597/raw_data/PacBio_HiFi/m64043_211222_184851-bc1021.5mc.hifi_reads.bam
s3://human-pangenomics/submissions/c0de0f97-f422-4057-90bd-12b40869d30a--WUSTL_HPRC_HiFi_Year3/HG00597/PacBio_HiFi/m64043_211222_184851-bc1021.5mc.hifi_reads.bam.md5,s3://human-pangenomics/working/HPRC/HG00597/raw_data/PacBio_HiFi/m64043_211222_184851-bc1021.5mc.hifi_reads.bam.md5
s3://human-pangenomics/submissions/c0de0f97-f422-4057-90bd-12b40869d30a--WUSTL_HPRC_HiFi_Year3/HG01192/PacBio_HiFi/m64043_211124_192057.5mc.hifi_reads.bam,s3://human-pangenomics/working/HPRC/HG01192/raw_data/PacBio_HiFi/m64043_211124_192057.5mc.hifi_reads.bam
s3://human-pangenomics/submissions/c0de0f97-f422-4057-90bd-12b40869d30a--WUSTL_HPRC_HiFi_Year3/HG01192/PacBio_HiFi/m64043_211124_192057.5mc.hifi_reads.bam.md5,s3://human-pangenomics/working/HPRC/HG01192/raw_data/PacBio_HiFi/m64043_211124_192057.5mc.hifi_reads.bam.md5
s3://human-pangenomics/submissions/c0de0f97-f422-4057-90bd-12b40869d30a--WUSTL_HPRC_HiFi_Year3/HG01192/PacBio_HiFi/m64043_211126_061537.5mc.hifi_reads.bam,s3://human-pangenomics/working/HPRC/HG01192/raw_data/PacBio_HiFi/m64043_211126_061537.5mc.hifi_reads.bam
s3://human-pangenomics/submissions/c0de0f97-f422-4057-90bd-12b40869d30a--WUSTL_HPRC_HiFi_Year3/HG01192/PacBio_HiFi/m64043_211126_061537.5mc.hifi_reads.bam.md5,s3://human-pangenomics/working/HPRC/HG01192/raw_data/PacBio_HiFi/m64043_211126_061537.5mc.hifi_reads.bam.md5
s3://human-pangenomics/submissions/c0de0f97-f422-4057-90bd-12b40869d30a--WUSTL_HPRC_HiFi_Year3/HG01192/PacBio_HiFi/m64043_211127_171224.5mc.hifi_reads.bam,s3://human-pangenomics/working/HPRC/HG01192/raw_data/PacBio_HiFi/m64043_211127_171224.5mc.hifi_reads.bam
s3://human-pangenomics/submissions/c0de0f97-f422-4057-90bd-12b40869d30a--WUSTL_HPRC_HiFi_Year3/HG01192/PacBio_HiFi/m64043_211127_171224.5mc.hifi_reads.bam.md5,s3://human-pangenomics/working/HPRC/HG01192/raw_data/PacBio_HiFi/m64043_211127_171224.5mc.hifi_reads.bam.md5
s3://human-pangenomics/submissions/c0de0f97-f422-4057-90bd-12b40869d30a--WUSTL_HPRC_HiFi_Year3/HG01261/PacBio_HiFi/m64043_211222_184851-bc1001.5mc.hifi_reads.bam,s3://human-pangenomics/working/HPRC/HG01261/raw_data/PacBio_HiFi/m64043_211222_184851-bc1001.5mc.hifi_reads.bam
s3://human-pangenomics/submissions/c0de0f97-f422-4057-90bd-12b40869d30a--WUSTL_HPRC_HiFi_Year3/HG01261/PacBio_HiFi/m64043_211222_184851-bc1001.5mc.hifi_reads.bam.md5,s3://human-pangenomics/working/HPRC/HG01261/raw_data/PacBio_HiFi/m64043_211222_184851-bc1001.5mc.hifi_reads.bam.md5
s3://human-pangenomics/submissions/c0de0f97-f422-4057-90bd-12b40869d30a--WUSTL_HPRC_HiFi_Year3/HG01261/PacBio_HiFi/m64136_211105_181124-bc1001.5mc.hifi_reads.bam,s3://human-pangenomics/working/HPRC/HG01261/raw_data/PacBio_HiFi/m64136_211105_181124-bc1001.5mc.hifi_reads.bam
s3://human-pangenomics/submissions/c0de0f97-f422-4057-90bd-12b40869d30a--WUSTL_HPRC_HiFi_Year3/HG01261/PacBio_HiFi/m64136_211105_181124-bc1001.5mc.hifi_reads.bam.md5,s3://human-pangenomics/working/HPRC/HG01261/raw_data/PacBio_HiFi/m64136_211105_181124-bc1001.5mc.hifi_reads.bam.md5
s3://human-pangenomics/submissions/c0de0f97-f422-4057-90bd-12b40869d30a--WUSTL_HPRC_HiFi_Year3/HG01261/PacBio_HiFi/m64136_211107_050725-bc1001.5mc.hifi_reads.bam,s3://human-pangenomics/working/HPRC/HG01261/raw_data/PacBio_HiFi/m64136_211107_050725-bc1001.5mc.hifi_reads.bam
s3://human-pangenomics/submissions/c0de0f97-f422-4057-90bd-12b40869d30a--WUSTL_HPRC_HiFi_Year3/HG01261/PacBio_HiFi/m64136_211107_050725-bc1001.5mc.hifi_reads.bam.md5,s3://human-pangenomics/working/HPRC/HG01261/raw_data/PacBio_HiFi/m64136_211107_050725-bc1001.5mc.hifi_reads.bam.md5
s3://human-pangenomics/submissions/c0de0f97-f422-4057-90bd-12b40869d30a--WUSTL_HPRC_HiFi_Year3/HG01261/PacBio_HiFi/m64136_211108_160613-bc1001.5mc.hifi_reads.bam,s3://human-pangenomics/working/HPRC/HG01261/raw_data/PacBio_HiFi/m64136_211108_160613-bc1001.5mc.hifi_reads.bam
s3://human-pangenomics/submissions/c0de0f97-f422-4057-90bd-12b40869d30a--WUSTL_HPRC_HiFi_Year3/HG01261/PacBio_HiFi/m64136_211108_160613-bc1001.5mc.hifi_reads.bam.md5,s3://human-pangenomics/working/HPRC/HG01261/raw_data/PacBio_HiFi/m64136_211108_160613-bc1001.5mc.hifi_reads.bam.md5
s3://human-pangenomics/submissions/c0de0f97-f422-4057-90bd-12b40869d30a--WUSTL_HPRC_HiFi_Year3/HG01975/PacBio_HiFi/m64043_211113_003158-bc1003.5mc.hifi_reads.bam,s3://human-pangenomics/working/HPRC/HG01975/raw_data/PacBio_HiFi/m64043_211113_003158-bc1003.5mc.hifi_reads.bam
s3://human-pangenomics/submissions/c0de0f97-f422-4057-90bd-12b40869d30a--WUSTL_HPRC_HiFi_Year3/HG01975/PacBio_HiFi/m64043_211113_003158-bc1003.5mc.hifi_reads.bam.md5,s3://human-pangenomics/working/HPRC/HG01975/raw_data/PacBio_HiFi/m64043_211113_003158-bc1003.5mc.hifi_reads.bam.md5
s3://human-pangenomics/submissions/c0de0f97-f422-4057-90bd-12b40869d30a--WUSTL_HPRC_HiFi_Year3/HG01975/PacBio_HiFi/m64043_211114_112934-bc1003.5mc.hifi_reads.bam,s3://human-pangenomics/working/HPRC/HG01975/raw_data/PacBio_HiFi/m64043_211114_112934-bc1003.5mc.hifi_reads.bam
s3://human-pangenomics/submissions/c0de0f97-f422-4057-90bd-12b40869d30a--WUSTL_HPRC_HiFi_Year3/HG01975/PacBio_HiFi/m64043_211114_112934-bc1003.5mc.hifi_reads.bam.md5,s3://human-pangenomics/working/HPRC/HG01975/raw_data/PacBio_HiFi/m64043_211114_112934-bc1003.5mc.hifi_reads.bam.md5
s3://human-pangenomics/submissions/c0de0f97-f422-4057-90bd-12b40869d30a--WUSTL_HPRC_HiFi_Year3/HG01975/PacBio_HiFi/m64043_211115_222749-bc1003.5mc.hifi_reads.bam,s3://human-pangenomics/working/HPRC/HG01975/raw_data/PacBio_HiFi/m64043_211115_222749-bc1003.5mc.hifi_reads.bam
s3://human-pangenomics/submissions/c0de0f97-f422-4057-90bd-12b40869d30a--WUSTL_HPRC_HiFi_Year3/HG01975/PacBio_HiFi/m64043_211115_222749-bc1003.5mc.hifi_reads.bam.md5,s3://human-pangenomics/working/HPRC/HG01975/raw_data/PacBio_HiFi/m64043_211115_222749-bc1003.5mc.hifi_reads.bam.md5
s3://human-pangenomics/submissions/c0de0f97-f422-4057-90bd-12b40869d30a--WUSTL_HPRC_HiFi_Year3/HG01975/PacBio_HiFi/m64043_211222_184851-bc1003.5mc.hifi_reads.bam,s3://human-pangenomics/working/HPRC/HG01975/raw_data/PacBio_HiFi/m64043_211222_184851-bc1003.5mc.hifi_reads.bam
s3://human-pangenomics/submissions/c0de0f97-f422-4057-90bd-12b40869d30a--WUSTL_HPRC_HiFi_Year3/HG01975/PacBio_HiFi/m64043_211222_184851-bc1003.5mc.hifi_reads.bam.md5,s3://human-pangenomics/working/HPRC/HG01975/raw_data/PacBio_HiFi/m64043_211222_184851-bc1003.5mc.hifi_reads.bam.md5
s3://human-pangenomics/submissions/c0de0f97-f422-4057-90bd-12b40869d30a--WUSTL_HPRC_HiFi_Year3/HG02015/PacBio_HiFi/m64043_210901_164337-bc1022.5mc.hifi_reads.bam,s3://human-pangenomics/working/HPRC/HG02015/raw_data/PacBio_HiFi/m64043_210901_164337-bc1022.5mc.hifi_reads.bam
s3://human-pangenomics/submissions/c0de0f97-f422-4057-90bd-12b40869d30a--WUSTL_HPRC_HiFi_Year3/HG02015/PacBio_HiFi/m64043_210901_164337-bc1022.5mc.hifi_reads.bam.md5,s3://human-pangenomics/working/HPRC/HG02015/raw_data/PacBio_HiFi/m64043_210901_164337-bc1022.5mc.hifi_reads.bam.md5
s3://human-pangenomics/submissions/c0de0f97-f422-4057-90bd-12b40869d30a--WUSTL_HPRC_HiFi_Year3/HG02015/PacBio_HiFi/m64043_210903_163032-bc1022.5mc.hifi_reads.bam,s3://human-pangenomics/working/HPRC/HG02015/raw_data/PacBio_HiFi/m64043_210903_163032-bc1022.5mc.hifi_reads.bam
s3://human-pangenomics/submissions/c0de0f97-f422-4057-90bd-12b40869d30a--WUSTL_HPRC_HiFi_Year3/HG02015/PacBio_HiFi/m64043_210903_163032-bc1022.5mc.hifi_reads.bam.md5,s3://human-pangenomics/working/HPRC/HG02015/raw_data/PacBio_HiFi/m64043_210903_163032-bc1022.5mc.hifi_reads.bam.md5
s3://human-pangenomics/submissions/c0de0f97-f422-4057-90bd-12b40869d30a--WUSTL_HPRC_HiFi_Year3/HG02015/PacBio_HiFi/m64043_210905_032603-bc1022.5mc.hifi_reads.bam,s3://human-pangenomics/working/HPRC/HG02015/raw_data/PacBio_HiFi/m64043_210905_032603-bc1022.5mc.hifi_reads.bam
s3://human-pangenomics/submissions/c0de0f97-f422-4057-90bd-12b40869d30a--WUSTL_HPRC_HiFi_Year3/HG02015/PacBio_HiFi/m64043_210905_032603-bc1022.5mc.hifi_reads.bam.md5,s3://human-pangenomics/working/HPRC/HG02015/raw_data/PacBio_HiFi/m64043_210905_032603-bc1022.5mc.hifi_reads.bam.md5
s3://human-pangenomics/submissions/c0de0f97-f422-4057-90bd-12b40869d30a--WUSTL_HPRC_HiFi_Year3/HG02056/PacBio_HiFi/m64043_220114_181052-bc1009.5mc.hifi_reads.bam,s3://human-pangenomics/working/HPRC/HG02056/raw_data/PacBio_HiFi/m64043_220114_181052-bc1009.5mc.hifi_reads.bam
s3://human-pangenomics/submissions/c0de0f97-f422-4057-90bd-12b40869d30a--WUSTL_HPRC_HiFi_Year3/HG02056/PacBio_HiFi/m64043_220114_181052-bc1009.5mc.hifi_reads.bam.md5,s3://human-pangenomics/working/HPRC/HG02056/raw_data/PacBio_HiFi/m64043_220114_181052-bc1009.5mc.hifi_reads.bam.md5
s3://human-pangenomics/submissions/c0de0f97-f422-4057-90bd-12b40869d30a--WUSTL_HPRC_HiFi_Year3/HG02056/PacBio_HiFi/m64136_211118_185339-bc1009.5mc.hifi_reads.bam,s3://human-pangenomics/working/HPRC/HG02056/raw_data/PacBio_HiFi/m64136_211118_185339-bc1009.5mc.hifi_reads.bam
s3://human-pangenomics/submissions/c0de0f97-f422-4057-90bd-12b40869d30a--WUSTL_HPRC_HiFi_Year3/HG02056/PacBio_HiFi/m64136_211118_185339-bc1009.5mc.hifi_reads.bam.md5,s3://human-pangenomics/working/HPRC/HG02056/raw_data/PacBio_HiFi/m64136_211118_185339-bc1009.5mc.hifi_reads.bam.md5
s3://human-pangenomics/submissions/c0de0f97-f422-4057-90bd-12b40869d30a--WUSTL_HPRC_HiFi_Year3/HG02056/PacBio_HiFi/m64136_211120_043838-bc1009.5mc.hifi_reads.bam,s3://human-pangenomics/working/HPRC/HG02056/raw_data/PacBio_HiFi/m64136_211120_043838-bc1009.5mc.hifi_reads.bam
s3://human-pangenomics/submissions/c0de0f97-f422-4057-90bd-12b40869d30a--WUSTL_HPRC_HiFi_Year3/HG02056/PacBio_HiFi/m64136_211120_043838-bc1009.5mc.hifi_reads.bam.md5,s3://human-pangenomics/working/HPRC/HG02056/raw_data/PacBio_HiFi/m64136_211120_043838-bc1009.5mc.hifi_reads.bam.md5
s3://human-pangenomics/submissions/c0de0f97-f422-4057-90bd-12b40869d30a--WUSTL_HPRC_HiFi_Year3/HG02056/PacBio_HiFi/m64136_211121_153454-bc1009.5mc.hifi_reads.bam,s3://human-pangenomics/working/HPRC/HG02056/raw_data/PacBio_HiFi/m64136_211121_153454-bc1009.5mc.hifi_reads.bam
s3://human-pangenomics/submissions/c0de0f97-f422-4057-90bd-12b40869d30a--WUSTL_HPRC_HiFi_Year3/HG02056/PacBio_HiFi/m64136_211121_153454-bc1009.5mc.hifi_reads.bam.md5,s3://human-pangenomics/working/HPRC/HG02056/raw_data/PacBio_HiFi/m64136_211121_153454-bc1009.5mc.hifi_reads.bam.md5
s3://human-pangenomics/submissions/c0de0f97-f422-4057-90bd-12b40869d30a--WUSTL_HPRC_HiFi_Year3/HG02129/PacBio_HiFi/m64136_220422_181133-bc1001.5mc.hifi_reads.bam,s3://human-pangenomics/working/HPRC/HG02129/raw_data/PacBio_HiFi/m64136_220422_181133-bc1001.5mc.hifi_reads.bam
s3://human-pangenomics/submissions/c0de0f97-f422-4057-90bd-12b40869d30a--WUSTL_HPRC_HiFi_Year3/HG02129/PacBio_HiFi/m64136_220422_181133-bc1001.5mc.hifi_reads.bam.md5,s3://human-pangenomics/working/HPRC/HG02129/raw_data/PacBio_HiFi/m64136_220422_181133-bc1001.5mc.hifi_reads.bam.md5
s3://human-pangenomics/submissions/c0de0f97-f422-4057-90bd-12b40869d30a--WUSTL_HPRC_HiFi_Year3/HG02129/PacBio_HiFi/m64136_220424_050632-bc1001.5mc.hifi_reads.bam,s3://human-pangenomics/working/HPRC/HG02129/raw_data/PacBio_HiFi/m64136_220424_050632-bc1001.5mc.hifi_reads.bam
s3://human-pangenomics/submissions/c0de0f97-f422-4057-90bd-12b40869d30a--WUSTL_HPRC_HiFi_Year3/HG02129/PacBio_HiFi/m64136_220424_050632-bc1001.5mc.hifi_reads.bam.md5,s3://human-pangenomics/working/HPRC/HG02129/raw_data/PacBio_HiFi/m64136_220424_050632-bc1001.5mc.hifi_reads.bam.md5
s3://human-pangenomics/submissions/c0de0f97-f422-4057-90bd-12b40869d30a--WUSTL_HPRC_HiFi_Year3/HG02129/PacBio_HiFi/m64136_220426_155627-bc1001.5mc.hifi_reads.bam,s3://human-pangenomics/working/HPRC/HG02129/raw_data/PacBio_HiFi/m64136_220426_155627-bc1001.5mc.hifi_reads.bam
s3://human-pangenomics/submissions/c0de0f97-f422-4057-90bd-12b40869d30a--WUSTL_HPRC_HiFi_Year3/HG02129/PacBio_HiFi/m64136_220426_155627-bc1001.5mc.hifi_reads.bam.md5,s3://human-pangenomics/working/HPRC/HG02129/raw_data/PacBio_HiFi/m64136_220426_155627-bc1001.5mc.hifi_reads.bam.md5
s3://human-pangenomics/submissions/c0de0f97-f422-4057-90bd-12b40869d30a--WUSTL_HPRC_HiFi_Year3/HG02155/PacBio_HiFi/m64043_220728_173215-bc1012.5mc.hifi_reads.bam,s3://human-pangenomics/working/HPRC/HG02155/raw_data/PacBio_HiFi/m64043_220728_173215-bc1012.5mc.hifi_reads.bam
s3://human-pangenomics/submissions/c0de0f97-f422-4057-90bd-12b40869d30a--WUSTL_HPRC_HiFi_Year3/HG02155/PacBio_HiFi/m64043_220728_173215-bc1012.5mc.hifi_reads.bam.md5,s3://human-pangenomics/working/HPRC/HG02155/raw_data/PacBio_HiFi/m64043_220728_173215-bc1012.5mc.hifi_reads.bam.md5
s3://human-pangenomics/submissions/c0de0f97-f422-4057-90bd-12b40869d30a--WUSTL_HPRC_HiFi_Year3/HG02155/PacBio_HiFi/m64136_220701_181202-bc1012.5mc.hifi_reads.bam,s3://human-pangenomics/working/HPRC/HG02155/raw_data/PacBio_HiFi/m64136_220701_181202-bc1012.5mc.hifi_reads.bam
s3://human-pangenomics/submissions/c0de0f97-f422-4057-90bd-12b40869d30a--WUSTL_HPRC_HiFi_Year3/HG02155/PacBio_HiFi/m64136_220701_181202-bc1012.5mc.hifi_reads.bam.md5,s3://human-pangenomics/working/HPRC/HG02155/raw_data/PacBio_HiFi/m64136_220701_181202-bc1012.5mc.hifi_reads.bam.md5
s3://human-pangenomics/submissions/c0de0f97-f422-4057-90bd-12b40869d30a--WUSTL_HPRC_HiFi_Year3/HG02155/PacBio_HiFi/m64136_220703_150713-bc1012.5mc.hifi_reads.bam,s3://human-pangenomics/working/HPRC/HG02155/raw_data/PacBio_HiFi/m64136_220703_150713-bc1012.5mc.hifi_reads.bam
s3://human-pangenomics/submissions/c0de0f97-f422-4057-90bd-12b40869d30a--WUSTL_HPRC_HiFi_Year3/HG02155/PacBio_HiFi/m64136_220703_150713-bc1012.5mc.hifi_reads.bam.md5,s3://human-pangenomics/working/HPRC/HG02155/raw_data/PacBio_HiFi/m64136_220703_150713-bc1012.5mc.hifi_reads.bam.md5
s3://human-pangenomics/submissions/c0de0f97-f422-4057-90bd-12b40869d30a--WUSTL_HPRC_HiFi_Year3/HG02155/PacBio_HiFi/m64136_220705_120453-bc1012.5mc.hifi_reads.bam,s3://human-pangenomics/working/HPRC/HG02155/raw_data/PacBio_HiFi/m64136_220705_120453-bc1012.5mc.hifi_reads.bam
s3://human-pangenomics/submissions/c0de0f97-f422-4057-90bd-12b40869d30a--WUSTL_HPRC_HiFi_Year3/HG02155/PacBio_HiFi/m64136_220705_120453-bc1012.5mc.hifi_reads.bam.md5,s3://human-pangenomics/working/HPRC/HG02155/raw_data/PacBio_HiFi/m64136_220705_120453-bc1012.5mc.hifi_reads.bam.md5
s3://human-pangenomics/submissions/c0de0f97-f422-4057-90bd-12b40869d30a--WUSTL_HPRC_HiFi_Year3/HG02258/PacBio_HiFi/m64043_211217_180919-bc1011.5mc.hifi_reads.bam,s3://human-pangenomics/working/HPRC/HG02258/raw_data/PacBio_HiFi/m64043_211217_180919-bc1011.5mc.hifi_reads.bam
s3://human-pangenomics/submissions/c0de0f97-f422-4057-90bd-12b40869d30a--WUSTL_HPRC_HiFi_Year3/HG02258/PacBio_HiFi/m64043_211217_180919-bc1011.5mc.hifi_reads.bam.md5,s3://human-pangenomics/working/HPRC/HG02258/raw_data/PacBio_HiFi/m64043_211217_180919-bc1011.5mc.hifi_reads.bam.md5
s3://human-pangenomics/submissions/c0de0f97-f422-4057-90bd-12b40869d30a--WUSTL_HPRC_HiFi_Year3/HG02258/PacBio_HiFi/m64043_211219_050421-bc1011.5mc.hifi_reads.bam,s3://human-pangenomics/working/HPRC/HG02258/raw_data/PacBio_HiFi/m64043_211219_050421-bc1011.5mc.hifi_reads.bam
s3://human-pangenomics/submissions/c0de0f97-f422-4057-90bd-12b40869d30a--WUSTL_HPRC_HiFi_Year3/HG02258/PacBio_HiFi/m64043_211219_050421-bc1011.5mc.hifi_reads.bam.md5,s3://human-pangenomics/working/HPRC/HG02258/raw_data/PacBio_HiFi/m64043_211219_050421-bc1011.5mc.hifi_reads.bam.md5
s3://human-pangenomics/submissions/c0de0f97-f422-4057-90bd-12b40869d30a--WUSTL_HPRC_HiFi_Year3/HG02258/PacBio_HiFi/m64043_211220_160211-bc1011.5mc.hifi_reads.bam,s3://human-pangenomics/working/HPRC/HG02258/raw_data/PacBio_HiFi/m64043_211220_160211-bc1011.5mc.hifi_reads.bam
s3://human-pangenomics/submissions/c0de0f97-f422-4057-90bd-12b40869d30a--WUSTL_HPRC_HiFi_Year3/HG02258/PacBio_HiFi/m64043_211220_160211-bc1011.5mc.hifi_reads.bam.md5,s3://human-pangenomics/working/HPRC/HG02258/raw_data/PacBio_HiFi/m64043_211220_160211-bc1011.5mc.hifi_reads.bam.md5
s3://human-pangenomics/submissions/c0de0f97-f422-4057-90bd-12b40869d30a--WUSTL_HPRC_HiFi_Year3/HG02258/PacBio_HiFi/m64043_220114_181052-bc1011.5mc.hifi_reads.bam,s3://human-pangenomics/working/HPRC/HG02258/raw_data/PacBio_HiFi/m64043_220114_181052-bc1011.5mc.hifi_reads.bam
s3://human-pangenomics/submissions/c0de0f97-f422-4057-90bd-12b40869d30a--WUSTL_HPRC_HiFi_Year3/HG02258/PacBio_HiFi/m64043_220114_181052-bc1011.5mc.hifi_reads.bam.md5,s3://human-pangenomics/working/HPRC/HG02258/raw_data/PacBio_HiFi/m64043_220114_181052-bc1011.5mc.hifi_reads.bam.md5
s3://human-pangenomics/submissions/c0de0f97-f422-4057-90bd-12b40869d30a--WUSTL_HPRC_HiFi_Year3/HG02273/PacBio_HiFi/m64043_220429_171542-bc1002.5mc.hifi_reads.bam,s3://human-pangenomics/working/HPRC/HG02273/raw_data/PacBio_HiFi/m64043_220429_171542-bc1002.5mc.hifi_reads.bam
s3://human-pangenomics/submissions/c0de0f97-f422-4057-90bd-12b40869d30a--WUSTL_HPRC_HiFi_Year3/HG02273/PacBio_HiFi/m64043_220429_171542-bc1002.5mc.hifi_reads.bam.md5,s3://human-pangenomics/working/HPRC/HG02273/raw_data/PacBio_HiFi/m64043_220429_171542-bc1002.5mc.hifi_reads.bam.md5
s3://human-pangenomics/submissions/c0de0f97-f422-4057-90bd-12b40869d30a--WUSTL_HPRC_HiFi_Year3/HG02273/PacBio_HiFi/m64043_220501_041051-bc1002.5mc.hifi_reads.bam,s3://human-pangenomics/working/HPRC/HG02273/raw_data/PacBio_HiFi/m64043_220501_041051-bc1002.5mc.hifi_reads.bam
s3://human-pangenomics/submissions/c0de0f97-f422-4057-90bd-12b40869d30a--WUSTL_HPRC_HiFi_Year3/HG02273/PacBio_HiFi/m64043_220501_041051-bc1002.5mc.hifi_reads.bam.md5,s3://human-pangenomics/working/HPRC/HG02273/raw_data/PacBio_HiFi/m64043_220501_041051-bc1002.5mc.hifi_reads.bam.md5
s3://human-pangenomics/submissions/c0de0f97-f422-4057-90bd-12b40869d30a--WUSTL_HPRC_HiFi_Year3/HG02273/PacBio_HiFi/m64043_220503_153752-bc1002.5mc.hifi_reads.bam,s3://human-pangenomics/working/HPRC/HG02273/raw_data/PacBio_HiFi/m64043_220503_153752-bc1002.5mc.hifi_reads.bam
s3://human-pangenomics/submissions/c0de0f97-f422-4057-90bd-12b40869d30a--WUSTL_HPRC_HiFi_Year3/HG02273/PacBio_HiFi/m64043_220503_153752-bc1002.5mc.hifi_reads.bam.md5,s3://human-pangenomics/working/HPRC/HG02273/raw_data/PacBio_HiFi/m64043_220503_153752-bc1002.5mc.hifi_reads.bam.md5
s3://human-pangenomics/submissions/c0de0f97-f422-4057-90bd-12b40869d30a--WUSTL_HPRC_HiFi_Year3/HG02965/PacBio_HiFi/m64043_220715_182700-bc1017.5mc.hifi_reads.bam,s3://human-pangenomics/working/HPRC/HG02965/raw_data/PacBio_HiFi/m64043_220715_182700-bc1017.5mc.hifi_reads.bam
s3://human-pangenomics/submissions/c0de0f97-f422-4057-90bd-12b40869d30a--WUSTL_HPRC_HiFi_Year3/HG02965/PacBio_HiFi/m64043_220715_182700-bc1017.5mc.hifi_reads.bam.md5,s3://human-pangenomics/working/HPRC/HG02965/raw_data/PacBio_HiFi/m64043_220715_182700-bc1017.5mc.hifi_reads.bam.md5
s3://human-pangenomics/submissions/c0de0f97-f422-4057-90bd-12b40869d30a--WUSTL_HPRC_HiFi_Year3/HG02965/PacBio_HiFi/m64043_220717_152237-bc1017.5mc.hifi_reads.bam,s3://human-pangenomics/working/HPRC/HG02965/raw_data/PacBio_HiFi/m64043_220717_152237-bc1017.5mc.hifi_reads.bam
s3://human-pangenomics/submissions/c0de0f97-f422-4057-90bd-12b40869d30a--WUSTL_HPRC_HiFi_Year3/HG02965/PacBio_HiFi/m64043_220717_152237-bc1017.5mc.hifi_reads.bam.md5,s3://human-pangenomics/working/HPRC/HG02965/raw_data/PacBio_HiFi/m64043_220717_152237-bc1017.5mc.hifi_reads.bam.md5
s3://human-pangenomics/submissions/c0de0f97-f422-4057-90bd-12b40869d30a--WUSTL_HPRC_HiFi_Year3/HG02965/PacBio_HiFi/m64043_220719_122051-bc1017.5mc.hifi_reads.bam,s3://human-pangenomics/working/HPRC/HG02965/raw_data/PacBio_HiFi/m64043_220719_122051-bc1017.5mc.hifi_reads.bam
s3://human-pangenomics/submissions/c0de0f97-f422-4057-90bd-12b40869d30a--WUSTL_HPRC_HiFi_Year3/HG02965/PacBio_HiFi/m64043_220719_122051-bc1017.5mc.hifi_reads.bam.md5,s3://human-pangenomics/working/HPRC/HG02965/raw_data/PacBio_HiFi/m64043_220719_122051-bc1017.5mc.hifi_reads.bam.md5
s3://human-pangenomics/submissions/c0de0f97-f422-4057-90bd-12b40869d30a--WUSTL_HPRC_HiFi_Year3/HG02976/PacBio_HiFi/m64043_220617_195135-bc1009.5mc.hifi_reads.bam,s3://human-pangenomics/working/HPRC/HG02976/raw_data/PacBio_HiFi/m64043_220617_195135-bc1009.5mc.hifi_reads.bam
s3://human-pangenomics/submissions/c0de0f97-f422-4057-90bd-12b40869d30a--WUSTL_HPRC_HiFi_Year3/HG02976/PacBio_HiFi/m64043_220617_195135-bc1009.5mc.hifi_reads.bam.md5,s3://human-pangenomics/working/HPRC/HG02976/raw_data/PacBio_HiFi/m64043_220617_195135-bc1009.5mc.hifi_reads.bam.md5
s3://human-pangenomics/submissions/c0de0f97-f422-4057-90bd-12b40869d30a--WUSTL_HPRC_HiFi_Year3/HG02976/PacBio_HiFi/m64043_220619_164635-bc1009.5mc.hifi_reads.bam,s3://human-pangenomics/working/HPRC/HG02976/raw_data/PacBio_HiFi/m64043_220619_164635-bc1009.5mc.hifi_reads.bam
s3://human-pangenomics/submissions/c0de0f97-f422-4057-90bd-12b40869d30a--WUSTL_HPRC_HiFi_Year3/HG02976/PacBio_HiFi/m64043_220619_164635-bc1009.5mc.hifi_reads.bam.md5,s3://human-pangenomics/working/HPRC/HG02976/raw_data/PacBio_HiFi/m64043_220619_164635-bc1009.5mc.hifi_reads.bam.md5
s3://human-pangenomics/submissions/c0de0f97-f422-4057-90bd-12b40869d30a--WUSTL_HPRC_HiFi_Year3/HG02976/PacBio_HiFi/m64043_220621_134351-bc1009.5mc.hifi_reads.bam,s3://human-pangenomics/working/HPRC/HG02976/raw_data/PacBio_HiFi/m64043_220621_134351-bc1009.5mc.hifi_reads.bam
s3://human-pangenomics/submissions/c0de0f97-f422-4057-90bd-12b40869d30a--WUSTL_HPRC_HiFi_Year3/HG02976/PacBio_HiFi/m64043_220621_134351-bc1009.5mc.hifi_reads.bam.md5,s3://human-pangenomics/working/HPRC/HG02976/raw_data/PacBio_HiFi/m64043_220621_134351-bc1009.5mc.hifi_reads.bam.md5
s3://human-pangenomics/submissions/c0de0f97-f422-4057-90bd-12b40869d30a--WUSTL_HPRC_HiFi_Year3/HG02976/PacBio_HiFi/m64043_220726_203720-bc1009.5mc.hifi_reads.bam,s3://human-pangenomics/working/HPRC/HG02976/raw_data/PacBio_HiFi/m64043_220726_203720-bc1009.5mc.hifi_reads.bam
s3://human-pangenomics/submissions/c0de0f97-f422-4057-90bd-12b40869d30a--WUSTL_HPRC_HiFi_Year3/HG02976/PacBio_HiFi/m64043_220726_203720-bc1009.5mc.hifi_reads.bam.md5,s3://human-pangenomics/working/HPRC/HG02976/raw_data/PacBio_HiFi/m64043_220726_203720-bc1009.5mc.hifi_reads.bam.md5
s3://human-pangenomics/submissions/c0de0f97-f422-4057-90bd-12b40869d30a--WUSTL_HPRC_HiFi_Year3/HG03195/PacBio_HiFi/m64043_220726_203720-bc1010.5mc.hifi_reads.bam,s3://human-pangenomics/working/HPRC/HG03195/raw_data/PacBio_HiFi/m64043_220726_203720-bc1010.5mc.hifi_reads.bam
s3://human-pangenomics/submissions/c0de0f97-f422-4057-90bd-12b40869d30a--WUSTL_HPRC_HiFi_Year3/HG03195/PacBio_HiFi/m64043_220726_203720-bc1010.5mc.hifi_reads.bam.md5,s3://human-pangenomics/working/HPRC/HG03195/raw_data/PacBio_HiFi/m64043_220726_203720-bc1010.5mc.hifi_reads.bam.md5
s3://human-pangenomics/submissions/c0de0f97-f422-4057-90bd-12b40869d30a--WUSTL_HPRC_HiFi_Year3/HG03195/PacBio_HiFi/m64136_220617_195203-bc1010.5mc.hifi_reads.bam,s3://human-pangenomics/working/HPRC/HG03195/raw_data/PacBio_HiFi/m64136_220617_195203-bc1010.5mc.hifi_reads.bam
s3://human-pangenomics/submissions/c0de0f97-f422-4057-90bd-12b40869d30a--WUSTL_HPRC_HiFi_Year3/HG03195/PacBio_HiFi/m64136_220617_195203-bc1010.5mc.hifi_reads.bam.md5,s3://human-pangenomics/working/HPRC/HG03195/raw_data/PacBio_HiFi/m64136_220617_195203-bc1010.5mc.hifi_reads.bam.md5
s3://human-pangenomics/submissions/c0de0f97-f422-4057-90bd-12b40869d30a--WUSTL_HPRC_HiFi_Year3/HG03195/PacBio_HiFi/m64136_220619_164654-bc1010.5mc.hifi_reads.bam,s3://human-pangenomics/working/HPRC/HG03195/raw_data/PacBio_HiFi/m64136_220619_164654-bc1010.5mc.hifi_reads.bam
s3://human-pangenomics/submissions/c0de0f97-f422-4057-90bd-12b40869d30a--WUSTL_HPRC_HiFi_Year3/HG03195/PacBio_HiFi/m64136_220619_164654-bc1010.5mc.hifi_reads.bam.md5,s3://human-pangenomics/working/HPRC/HG03195/raw_data/PacBio_HiFi/m64136_220619_164654-bc1010.5mc.hifi_reads.bam.md5
s3://human-pangenomics/submissions/c0de0f97-f422-4057-90bd-12b40869d30a--WUSTL_HPRC_HiFi_Year3/HG03195/PacBio_HiFi/m64136_220621_134558-bc1010.5mc.hifi_reads.bam,s3://human-pangenomics/working/HPRC/HG03195/raw_data/PacBio_HiFi/m64136_220621_134558-bc1010.5mc.hifi_reads.bam
s3://human-pangenomics/submissions/c0de0f97-f422-4057-90bd-12b40869d30a--WUSTL_HPRC_HiFi_Year3/HG03195/PacBio_HiFi/m64136_220621_134558-bc1010.5mc.hifi_reads.bam.md5,s3://human-pangenomics/working/HPRC/HG03195/raw_data/PacBio_HiFi/m64136_220621_134558-bc1010.5mc.hifi_reads.bam.md5
s3://human-pangenomics/submissions/c0de0f97-f422-4057-90bd-12b40869d30a--WUSTL_HPRC_HiFi_Year3/HG03225/PacBio_HiFi/m64043_220516_150157-bc1008.5mc.hifi_reads.bam,s3://human-pangenomics/working/HPRC/HG03225/raw_data/PacBio_HiFi/m64043_220516_150157-bc1008.5mc.hifi_reads.bam
s3://human-pangenomics/submissions/c0de0f97-f422-4057-90bd-12b40869d30a--WUSTL_HPRC_HiFi_Year3/HG03225/PacBio_HiFi/m64043_220516_150157-bc1008.5mc.hifi_reads.bam.md5,s3://human-pangenomics/working/HPRC/HG03225/raw_data/PacBio_HiFi/m64043_220516_150157-bc1008.5mc.hifi_reads.bam.md5
s3://human-pangenomics/submissions/c0de0f97-f422-4057-90bd-12b40869d30a--WUSTL_HPRC_HiFi_Year3/HG03225/PacBio_HiFi/m64043_220518_120044-bc1008.5mc.hifi_reads.bam,s3://human-pangenomics/working/HPRC/HG03225/raw_data/PacBio_HiFi/m64043_220518_120044-bc1008.5mc.hifi_reads.bam
s3://human-pangenomics/submissions/c0de0f97-f422-4057-90bd-12b40869d30a--WUSTL_HPRC_HiFi_Year3/HG03225/PacBio_HiFi/m64043_220518_120044-bc1008.5mc.hifi_reads.bam.md5,s3://human-pangenomics/working/HPRC/HG03225/raw_data/PacBio_HiFi/m64043_220518_120044-bc1008.5mc.hifi_reads.bam.md5
s3://human-pangenomics/submissions/c0de0f97-f422-4057-90bd-12b40869d30a--WUSTL_HPRC_HiFi_Year3/HG03225/PacBio_HiFi/m64043_220726_203720-bc1008.5mc.hifi_reads.bam,s3://human-pangenomics/working/HPRC/HG03225/raw_data/PacBio_HiFi/m64043_220726_203720-bc1008.5mc.hifi_reads.bam
s3://human-pangenomics/submissions/c0de0f97-f422-4057-90bd-12b40869d30a--WUSTL_HPRC_HiFi_Year3/HG03225/PacBio_HiFi/m64043_220726_203720-bc1008.5mc.hifi_reads.bam.md5,s3://human-pangenomics/working/HPRC/HG03225/raw_data/PacBio_HiFi/m64043_220726_203720-bc1008.5mc.hifi_reads.bam.md5
s3://human-pangenomics/submissions/c0de0f97-f422-4057-90bd-12b40869d30a--WUSTL_HPRC_HiFi_Year3/HG03225/PacBio_HiFi/m64136_220518_004520-bc1008.5mc.hifi_reads.bam,s3://human-pangenomics/working/HPRC/HG03225/raw_data/PacBio_HiFi/m64136_220518_004520-bc1008.5mc.hifi_reads.bam
s3://human-pangenomics/submissions/c0de0f97-f422-4057-90bd-12b40869d30a--WUSTL_HPRC_HiFi_Year3/HG03225/PacBio_HiFi/m64136_220518_004520-bc1008.5mc.hifi_reads.bam.md5,s3://human-pangenomics/working/HPRC/HG03225/raw_data/PacBio_HiFi/m64136_220518_004520-bc1008.5mc.hifi_reads.bam.md5
s3://human-pangenomics/submissions/c0de0f97-f422-4057-90bd-12b40869d30a--WUSTL_HPRC_HiFi_Year3/HG03834/PacBio_HiFi/m64043_220107_191226-bc1012.5mc.hifi_reads.bam,s3://human-pangenomics/working/HPRC/HG03834/raw_data/PacBio_HiFi/m64043_220107_191226-bc1012.5mc.hifi_reads.bam
s3://human-pangenomics/submissions/c0de0f97-f422-4057-90bd-12b40869d30a--WUSTL_HPRC_HiFi_Year3/HG03834/PacBio_HiFi/m64043_220107_191226-bc1012.5mc.hifi_reads.bam.md5,s3://human-pangenomics/working/HPRC/HG03834/raw_data/PacBio_HiFi/m64043_220107_191226-bc1012.5mc.hifi_reads.bam.md5
s3://human-pangenomics/submissions/c0de0f97-f422-4057-90bd-12b40869d30a--WUSTL_HPRC_HiFi_Year3/HG03834/PacBio_HiFi/m64043_220109_060731-bc1012.5mc.hifi_reads.bam,s3://human-pangenomics/working/HPRC/HG03834/raw_data/PacBio_HiFi/m64043_220109_060731-bc1012.5mc.hifi_reads.bam
s3://human-pangenomics/submissions/c0de0f97-f422-4057-90bd-12b40869d30a--WUSTL_HPRC_HiFi_Year3/HG03834/PacBio_HiFi/m64043_220109_060731-bc1012.5mc.hifi_reads.bam.md5,s3://human-pangenomics/working/HPRC/HG03834/raw_data/PacBio_HiFi/m64043_220109_060731-bc1012.5mc.hifi_reads.bam.md5
s3://human-pangenomics/submissions/c0de0f97-f422-4057-90bd-12b40869d30a--WUSTL_HPRC_HiFi_Year3/HG03834/PacBio_HiFi/m64043_220110_170603-bc1012.5mc.hifi_reads.bam,s3://human-pangenomics/working/HPRC/HG03834/raw_data/PacBio_HiFi/m64043_220110_170603-bc1012.5mc.hifi_reads.bam
s3://human-pangenomics/submissions/c0de0f97-f422-4057-90bd-12b40869d30a--WUSTL_HPRC_HiFi_Year3/HG03834/PacBio_HiFi/m64043_220110_170603-bc1012.5mc.hifi_reads.bam.md5,s3://human-pangenomics/working/HPRC/HG03834/raw_data/PacBio_HiFi/m64043_220110_170603-bc1012.5mc.hifi_reads.bam.md5
s3://human-pangenomics/submissions/c0de0f97-f422-4057-90bd-12b40869d30a--WUSTL_HPRC_HiFi_Year3/MGISTL_PAN027_HG06807/PacBio_HiFi/m64043_211118_185250-bc1008.5mc.hifi_reads.bam,s3://human-pangenomics/working/HPRC_PLUS/HG06807/raw_data/PacBio_HiFi/m64043_211118_185250-bc1008.5mc.hifi_reads.bam
s3://human-pangenomics/submissions/c0de0f97-f422-4057-90bd-12b40869d30a--WUSTL_HPRC_HiFi_Year3/MGISTL_PAN027_HG06807/PacBio_HiFi/m64043_211118_185250-bc1008.5mc.hifi_reads.bam.md5,s3://human-pangenomics/working/HPRC_PLUS/HG06807/raw_data/PacBio_HiFi/m64043_211118_185250-bc1008.5mc.hifi_reads.bam.md5
s3://human-pangenomics/submissions/c0de0f97-f422-4057-90bd-12b40869d30a--WUSTL_HPRC_HiFi_Year3/MGISTL_PAN027_HG06807/PacBio_HiFi/m64043_211120_054831-bc1008.5mc.hifi_reads.bam,s3://human-pangenomics/working/HPRC_PLUS/HG06807/raw_data/PacBio_HiFi/m64043_211120_054831-bc1008.5mc.hifi_reads.bam
s3://human-pangenomics/submissions/c0de0f97-f422-4057-90bd-12b40869d30a--WUSTL_HPRC_HiFi_Year3/MGISTL_PAN027_HG06807/PacBio_HiFi/m64043_211120_054831-bc1008.5mc.hifi_reads.bam.md5,s3://human-pangenomics/working/HPRC_PLUS/HG06807/raw_data/PacBio_HiFi/m64043_211120_054831-bc1008.5mc.hifi_reads.bam.md5
s3://human-pangenomics/submissions/c0de0f97-f422-4057-90bd-12b40869d30a--WUSTL_HPRC_HiFi_Year3/MGISTL_PAN027_HG06807/PacBio_HiFi/m64043_211121_164646-bc1008.5mc.hifi_reads.bam,s3://human-pangenomics/working/HPRC_PLUS/HG06807/raw_data/PacBio_HiFi/m64043_211121_164646-bc1008.5mc.hifi_reads.bam
s3://human-pangenomics/submissions/c0de0f97-f422-4057-90bd-12b40869d30a--WUSTL_HPRC_HiFi_Year3/MGISTL_PAN027_HG06807/PacBio_HiFi/m64043_211121_164646-bc1008.5mc.hifi_reads.bam.md5,s3://human-pangenomics/working/HPRC_PLUS/HG06807/raw_data/PacBio_HiFi/m64043_211121_164646-bc1008.5mc.hifi_reads.bam.md5
s3://human-pangenomics/submissions/c0de0f97-f422-4057-90bd-12b40869d30a--WUSTL_HPRC_HiFi_Year3/MGISTL_PAN027_HG06807/PacBio_HiFi/m64043_211222_184851-bc1008.5mc.hifi_reads.bam,s3://human-pangenomics/working/HPRC_PLUS/HG06807/raw_data/PacBio_HiFi/m64043_211222_184851-bc1008.5mc.hifi_reads.bam
s3://human-pangenomics/submissions/c0de0f97-f422-4057-90bd-12b40869d30a--WUSTL_HPRC_HiFi_Year3/MGISTL_PAN027_HG06807/PacBio_HiFi/m64043_211222_184851-bc1008.5mc.hifi_reads.bam.md5,s3://human-pangenomics/working/HPRC_PLUS/HG06807/raw_data/PacBio_HiFi/m64043_211222_184851-bc1008.5mc.hifi_reads.bam.md5
s3://human-pangenomics/submissions/c0de0f97-f422-4057-90bd-12b40869d30a--WUSTL_HPRC_HiFi_Year3/NA18612/PacBio_HiFi/m64043_220708_205637-bc1015.5mc.hifi_reads.bam,s3://human-pangenomics/working/HPRC/NA18612/raw_data/PacBio_HiFi/m64043_220708_205637-bc1015.5mc.hifi_reads.bam
s3://human-pangenomics/submissions/c0de0f97-f422-4057-90bd-12b40869d30a--WUSTL_HPRC_HiFi_Year3/NA18612/PacBio_HiFi/m64043_220708_205637-bc1015.5mc.hifi_reads.bam.md5,s3://human-pangenomics/working/HPRC/NA18612/raw_data/PacBio_HiFi/m64043_220708_205637-bc1015.5mc.hifi_reads.bam.md5
s3://human-pangenomics/submissions/c0de0f97-f422-4057-90bd-12b40869d30a--WUSTL_HPRC_HiFi_Year3/NA18612/PacBio_HiFi/m64043_220710_175250-bc1015.5mc.hifi_reads.bam,s3://human-pangenomics/working/HPRC/NA18612/raw_data/PacBio_HiFi/m64043_220710_175250-bc1015.5mc.hifi_reads.bam
s3://human-pangenomics/submissions/c0de0f97-f422-4057-90bd-12b40869d30a--WUSTL_HPRC_HiFi_Year3/NA18612/PacBio_HiFi/m64043_220710_175250-bc1015.5mc.hifi_reads.bam.md5,s3://human-pangenomics/working/HPRC/NA18612/raw_data/PacBio_HiFi/m64043_220710_175250-bc1015.5mc.hifi_reads.bam.md5
s3://human-pangenomics/submissions/c0de0f97-f422-4057-90bd-12b40869d30a--WUSTL_HPRC_HiFi_Year3/NA18612/PacBio_HiFi/m64043_220712_145025-bc1015.5mc.hifi_reads.bam,s3://human-pangenomics/working/HPRC/NA18612/raw_data/PacBio_HiFi/m64043_220712_145025-bc1015.5mc.hifi_reads.bam
s3://human-pangenomics/submissions/c0de0f97-f422-4057-90bd-12b40869d30a--WUSTL_HPRC_HiFi_Year3/NA18612/PacBio_HiFi/m64043_220712_145025-bc1015.5mc.hifi_reads.bam.md5,s3://human-pangenomics/working/HPRC/NA18612/raw_data/PacBio_HiFi/m64043_220712_145025-bc1015.5mc.hifi_reads.bam.md5
s3://human-pangenomics/submissions/c0de0f97-f422-4057-90bd-12b40869d30a--WUSTL_HPRC_HiFi_Year3/NA18971/PacBio_HiFi/m64043_220701_181144-bc1011.5mc.hifi_reads.bam,s3://human-pangenomics/working/HPRC/NA18971/raw_data/PacBio_HiFi/m64043_220701_181144-bc1011.5mc.hifi_reads.bam
s3://human-pangenomics/submissions/c0de0f97-f422-4057-90bd-12b40869d30a--WUSTL_HPRC_HiFi_Year3/NA18971/PacBio_HiFi/m64043_220701_181144-bc1011.5mc.hifi_reads.bam.md5,s3://human-pangenomics/working/HPRC/NA18971/raw_data/PacBio_HiFi/m64043_220701_181144-bc1011.5mc.hifi_reads.bam.md5
s3://human-pangenomics/submissions/c0de0f97-f422-4057-90bd-12b40869d30a--WUSTL_HPRC_HiFi_Year3/NA18971/PacBio_HiFi/m64043_220703_150718-bc1011.5mc.hifi_reads.bam,s3://human-pangenomics/working/HPRC/NA18971/raw_data/PacBio_HiFi/m64043_220703_150718-bc1011.5mc.hifi_reads.bam
s3://human-pangenomics/submissions/c0de0f97-f422-4057-90bd-12b40869d30a--WUSTL_HPRC_HiFi_Year3/NA18971/PacBio_HiFi/m64043_220703_150718-bc1011.5mc.hifi_reads.bam.md5,s3://human-pangenomics/working/HPRC/NA18971/raw_data/PacBio_HiFi/m64043_220703_150718-bc1011.5mc.hifi_reads.bam.md5
s3://human-pangenomics/submissions/c0de0f97-f422-4057-90bd-12b40869d30a--WUSTL_HPRC_HiFi_Year3/NA18971/PacBio_HiFi/m64043_220705_120954-bc1011.5mc.hifi_reads.bam,s3://human-pangenomics/working/HPRC/NA18971/raw_data/PacBio_HiFi/m64043_220705_120954-bc1011.5mc.hifi_reads.bam
s3://human-pangenomics/submissions/c0de0f97-f422-4057-90bd-12b40869d30a--WUSTL_HPRC_HiFi_Year3/NA18971/PacBio_HiFi/m64043_220705_120954-bc1011.5mc.hifi_reads.bam.md5,s3://human-pangenomics/working/HPRC/NA18971/raw_data/PacBio_HiFi/m64043_220705_120954-bc1011.5mc.hifi_reads.bam.md5
s3://human-pangenomics/submissions/c0de0f97-f422-4057-90bd-12b40869d30a--WUSTL_HPRC_HiFi_Year3/NA18971/PacBio_HiFi/m64043_220728_173215-bc1011.5mc.hifi_reads.bam,s3://human-pangenomics/working/HPRC/NA18971/raw_data/PacBio_HiFi/m64043_220728_173215-bc1011.5mc.hifi_reads.bam
s3://human-pangenomics/submissions/c0de0f97-f422-4057-90bd-12b40869d30a--WUSTL_HPRC_HiFi_Year3/NA18971/PacBio_HiFi/m64043_220728_173215-bc1011.5mc.hifi_reads.bam.md5,s3://human-pangenomics/working/HPRC/NA18971/raw_data/PacBio_HiFi/m64043_220728_173215-bc1011.5mc.hifi_reads.bam.md5
s3://human-pangenomics/submissions/c0de0f97-f422-4057-90bd-12b40869d30a--WUSTL_HPRC_HiFi_Year3/NA20805/PacBio_HiFi/m64136_220726_203708-bc1020.5mc.hifi_reads.bam,s3://human-pangenomics/working/HPRC/NA20805/raw_data/PacBio_HiFi/m64136_220726_203708-bc1020.5mc.hifi_reads.bam
s3://human-pangenomics/submissions/c0de0f97-f422-4057-90bd-12b40869d30a--WUSTL_HPRC_HiFi_Year3/NA20805/PacBio_HiFi/m64136_220726_203708-bc1020.5mc.hifi_reads.bam.md5,s3://human-pangenomics/working/HPRC/NA20805/raw_data/PacBio_HiFi/m64136_220726_203708-bc1020.5mc.hifi_reads.bam.md5
s3://human-pangenomics/submissions/c0de0f97-f422-4057-90bd-12b40869d30a--WUSTL_HPRC_HiFi_Year3/NA20805/PacBio_HiFi/m64136_220728_160902-bc1020.5mc.hifi_reads.bam,s3://human-pangenomics/working/HPRC/NA20805/raw_data/PacBio_HiFi/m64136_220728_160902-bc1020.5mc.hifi_reads.bam
s3://human-pangenomics/submissions/c0de0f97-f422-4057-90bd-12b40869d30a--WUSTL_HPRC_HiFi_Year3/NA20805/PacBio_HiFi/m64136_220728_160902-bc1020.5mc.hifi_reads.bam.md5,s3://human-pangenomics/working/HPRC/NA20805/raw_data/PacBio_HiFi/m64136_220728_160902-bc1020.5mc.hifi_reads.bam.md5
s3://human-pangenomics/submissions/c0de0f97-f422-4057-90bd-12b40869d30a--WUSTL_HPRC_HiFi_Year3/NA20805/PacBio_HiFi/m64136_220730_113921-bc1020.5mc.hifi_reads.bam,s3://human-pangenomics/working/HPRC/NA20805/raw_data/PacBio_HiFi/m64136_220730_113921-bc1020.5mc.hifi_reads.bam
s3://human-pangenomics/submissions/c0de0f97-f422-4057-90bd-12b40869d30a--WUSTL_HPRC_HiFi_Year3/NA20805/PacBio_HiFi/m64136_220730_113921-bc1020.5mc.hifi_reads.bam.md5,s3://human-pangenomics/working/HPRC/NA20805/raw_data/PacBio_HiFi/m64136_220730_113921-bc1020.5mc.hifi_reads.bam.md5
